text,misoginia,toxicidade,motivo
E oque temos q n√≥s meter na vida dos outros? Cada um faz oque quer da vida.,0,1,Interrup√ß√µes Hostis do Di√°logo
"Sem no√ß√£o mesmo, o que voc√™ quer √© um Ot√°rio pra criar filho dos outros. Cad√™ o pai respons√°vel? S√≥ serviu pra  fazer n√£o √© mesmo?",0,1,Uso de Ofensas ou Insultos Diretos
"Exatamente o que eu pensei. A ""beldade"" a√≠ sem assunto mas querendo aparecer faz uma pergunta rid√≠cula dessa ü§¶‚Äç‚ôÇÔ∏è",0,1,Interrup√ß√µes Hostis do Di√°logo
@  E homem que sai com prostitutas e com v√°rias mulheres  tb √© extremamente prom√≠scuo.,0,1,Interrup√ß√µes Hostis do Di√°logo
"Mansur √© extremamente preparado e culto!! O Rabino foi para o debate completamente despreparado, disparando sen√£o comum raso e sem qualquer an√°lise pol√≠tica, social e hist√≥rica!!!Um massacre do Mansur!!!",0,1,Desumaniza√ß√£o e Despersonaliza√ß√£o de Interlocutores:
"@ -z7y N√£o foi evento catastr√≥fico, dali em diante v√°rios eventos importantes e cruciais come√ßaram a acontecer como efeito bola de neve. Pesquise ano por ano no google e ver√°s",0,0,
"@   se vc caiu de cara no honeypot üçùd uma ser de luz com mentlaidade de colm√©iaüêù, as chances de vc ter sido hackeado pela matrix com algum malware na sua sa√∫de s√£o grandes. cuidado, neo.  kkkkkkkkkkkkkk",0,0,
Quem deseja mal ao seu vizinho o seu mal vem no caminho,0,0,
"Cara, que debate top , viu! Dois intelectos surpreendentes üëèüèª",0,0,
"@ -b7c teve n√£o, igual chamar lule de ladr√£o √© falar de como ele n√£o √© corrupto, relaxa amige",0,1,
Sigo meu caminho solteiro morando sozinho investindo em mim mesmo vivendo na Solitude e na Paz,0,0,
Estranho uma m√£e botar a culpa na pr√≥pria filha  ü§îü§îü§î,0,0,
"Casamento √© uma institui√ß√£o falida por milhares de motivos, principalmente as leis , mulher com hipergamia e cheio de exig√™ncia malucas .",1,1,
"@ .HarleyQuinzel3164  N√£o sei que mundinho vc ta vivendo, que mulher fica fazendo marmitinha pra marido..  Organiza√ß√£o dom√©stica hj em dia √© dividida, homem ficando com a parte mais pesada, conserto e etc, muhleres com a partes mais relacionadas a limpeza e comida qndo n√£o √© diviido. Mulheres est√£o cada vez mais gameres tbm. Mas no geral o q pega mais pra mulher s√£o hobbieis esta¬¥ticos como ler livro, ver serie, filme ou socializar com as amiigas .  A academia salvou a vida de algumas mulheres, pq at√© ent√£o mulheres em sua grande maioria tinham pouco interesse por esportes. A acaademia se salva por conta da est√©ticia. Vcs s√£o neuroticamente atreladas a est√©tica. Agora lembre-se de uma coisa: Homens vivem menos, pq ser√° ?  a maioria trabalha muito e adoece. E homens morrem 3x mais do que aas mulheres em servi√ßo pq assumem maisi trabalho insalubre do que mulheres, mais trabalhos de alto risco ...Tu qr q minah filha? q ue o cara se foda com trabalho insalubre e chega em casa e ainda viidida com igualdadae as atividades dom√©sticas ? kkkkkhomem classe media ou elitei com pouco trabalho bra√ßal √© a minoria das fam√≠lias qrida.. VC q ta fora da realidade. Apenas nesse caso justificaria o homem ter menos trabalho em casa ..   Agora se quer igualdadae nisso, q tal come√ßarem a preencher as vagas de infraestrutura, saneamento ,esgoto, constru√ß√£o civil ?ULTIMO PONTO : MUITAS DAS MMULHERES Q TEM ESSE HOBBIES FUTEIS CITADOS, NEM FILHO E NEM CASADAS S√ÉO... geralmente aquelas meniinhas de classe m√©dia criadas a leite com pera",1,1,
Ela parece estar mais preocupada em estar viva.,0,0,
"Jesus esta contigo , tenha calma e o melhor vem a voc√™",0,0,
"No Muay Thai na Tail√¢ndia, os trans, chamados de ladyboys lutam  na categoria masculina.",0,1,
"Obedece o pai, e a m√£e n√£o,  tem que  obedecer os dois, vc m√£e tem que  ter punho firme com ele !",0,0,
Homens prospere para si! Mulher se tiver a oportunidade acaba com a sua vida!,1,1,
"Ela √© muito bonita mesmo sem filtro, se ela pusesse maquiagem f√≠sica ela ficaria bem do mesmo jeito, como se tivesse filtro",0,0,
"Comentario do jorjao das cove! Essas muieee dioje sai dano pra todos menos o marido, os marido tambem sai dano pros otro la da tar de acadimia!!",1,1,
o Texas √© o melhor lugar do mundo pra quem quer prosperar? Tem muito emprego bom l√°?,0,0,
"@  a sociedade demanda, a sociedade prov√©m, se no pequeno n√∫cleo familiar, se na comunidade, ou na regi√£o ou do outro lado do mundo, n√£o importa, como desde os prim√≥rdios at√© ent√£o. Voc√™ quer se ater a estritamente a defini√ß√£o Smithiana de forma√ß√£o de pre√ßo, ela s√≥ existe dentro desse sistema mesmo, √© tautologico, era o que ele estava estudando. Sigo o ponto, a gente n√£o precisa do livre mercado smithianos pra regular a produ√ß√£o (j√° que n√£o quer chamar de oferta, chame do que quiser, pra mim √© oferta de bens de consumo, aquilo que √© pass√≠vel de ser usado e consumido pela sociedade) isso foi feito em toda hist√≥ria humana e provocou imensos saltos de qualidade em diversos momentos hist√≥ricos.Ali√°s as pessoas inclusive n√£o l√™em Adam Smith que fez um estudo para grandes chefes de Estado conduzirem o desenvolvimento capitalista, j√° ele dizia que era fundamental a presen√ßa de um Estado que corrigiria os problemas do livre mercado, como a tend√™ncia ao monop√≥lio e aliena√ß√£o do trabalhado entre outros s√£o t√≥picos discutidos por ele. Totalmente diferente dos ancaps que n√£o entendem o qu√£o umbilical √© a liga√ß√£o do capital com o Estado.",0,0,
"@  Aceitam ser o pr√≥ximo, mas duvido que assumam para casar se for assim...kkkk",1,1,
"Parceiro, separa logo. √â melhor sofrer um bocado uma √∫nica vez do que ficar sofrendo um pouquinho, todos os dias, por anos.",0,0,
"Pra mim, isso se enquadra perfeitamente como extors√£o e estelionato.",0,0,
Eu nunca bebi e nunca beberei √°lcool.,0,0,
"Os pais de hoje s√£o irresponsaveis e assim criam crian√ßas sem educa√ß√£o, os futuros marginais.",0,1,
O corno √© o √∫ltimo a saber √∫ltima lei Newton kkkkk,0,1,
"TOME CUIDADO!! PARA N√ÉO FICA FAMOSA NO CIDADE ALERTA!! COM ESSA MENTALIDADE VC, VAI ACABAR SE DANDO MUITO MAL!! NEM TODO HOMEM ACEITA TOMAR GOLPE E FICAR CALADO!!",1,1,