id_comentario_anonimizado,comentario,final_misoginia,final_toxicidade
comentario_231247,"Tinha que ter feito o servi√ßo completo e terminado tudo ali. Ao ficar, voc√™ deu tempo para ela se vingar de voc√™ depois causando mais danos ainda.",1,1
comentario_515231,"Logo se v√™ que o Daniel nada mais √© do que um entusiasta, que quando est√° na frente de quem entende do que fala‚Ä¶ ele fica constrangido‚Ä¶Como meu av√¥ dizia: todo dia acorda um trouxa e um esperto‚Ä¶Ali√°s quem √©, e o que faz esse Daniel? Te√≥rico conspiracionista?",0,1
comentario_1822779,"Se o caminh√£o estiver em alta velocidade, n√£o vai adiantar nada, isso √© f√≠sica!",0,0
comentario_1875415,8 pra cima a digissima vai buscar o cara em casa,1,0
comentario_2889212,"o velho n√£o √© burro, ele provavelmente sabe oq est√° acontecendo e quer pegar novinha inconsequentemente",1,0
comentario_1401212,Com certeza ! Deus aben√ßoe por vc ver o que √© certo lindo e muito feminino,1,0
comentario_329031,Ser√° sim üòÇüòÇüòÇDezenas de milh√µes!Que jumento kk,0,1
comentario_996533,adquiri  esse ebook .. muito  bom mesmo rsrs vlw fera,0,0
comentario_97096,"Essa  Mulher tem  esp√≠rito   capacho  ,    quer  viver  debaixo  das  patas   assassinas   de  homens  da  caverna !  Que  √©   isso !!",0,1
comentario_1621535,Al√©m de Chad O cara ainda tem que ser mago pra adivinhar o que ela quer ouvir üåöEssa ‚Äúnobre‚Äù mediana est√° mesmo precisando de terapia.,1,1
comentario_2288686,"O objetivo n√£o √© evitar o desamparo das crian√ßas. √â gastar menos com aux√≠lios governamentais, terceirizando a lasqueira para os homens.",0,0
comentario_359056,Mu√ßulmano n√£o acredita que Jesus foi crucificado e que √© filho de Deus. N√£o est√£o no caminho certo de jeito nenhum,0,1
comentario_2148642,Usou e largou fez de coitada mimada,1,1
comentario_508268,Cortou a parte dele pedindo o dinheiro dizendo que o pneu furou üòÇ,0,0
comentario_761820,e dai o homem pode estourar a coluna?,0,0
comentario_1357202,"Se ela n√£o fizer o mesmo por ele, o homem dever√° deix√°-la imediatamente.",0,0
comentario_694035,.9658¬† vai sustentar msol gadinho de valor kkk,1,1
comentario_1611505,Amizades e amigas tamb√©m n√£o tenha ningu√©m para ter ou ser por mais que √© dif√≠cil,0,0
comentario_2337390,"Tem que dar valor no que crecem maravilhoso  o sr da Havan üòÇüòÇüòÇ vao bolaonariatas .O pt n√£o  ganhou as elei√ß√µes  ai so por isso nao esta sendo ajudados por eles ,porque o exercito  era pra ter ajudado ,a recuperar  so que nao deixaram",0,1
comentario_1792128,Que ter direitos v√£o  trabalhar na carvoeira ou no garimpo  ou melhor  vai abrir uma cisterna uma fossa ai sim üëç,0,0
comentario_85608,Ent√£o o Bonito √© mais f√°cil ainda. Eu sou Prova viva tenho v√°rias declara√ß√µes Femininas no meu tempo de adolescente indo pra Jovem adulto. E j√° fiquei com uma mina sem dizer uma cantada ou pagar alguma coisa.,1,0
comentario_2999482,"Agora o investimento dela voc√™s querem, n√©?!? rsrsrs",0,0
comentario_567456,"Se isso n√£o for o pr√≥prio, √© um dos tipos do n√∫mero da besta que j√° est√° dominando a mente da humanidade!",0,1
comentario_1643929,"Mulher tem obriga√ß√£o de trabalhar, assim como o homem. Ningu√©m tem obriga√ß√£o de sustentar ningu√©m.",0,0
comentario_1353753,"Tou na paz, faz tempo üôåDon se identifica cmg",0,0
comentario_259446,"Cara, de verdade. Adoro a bianquinha, mas o TANTO que ela defendeu casas de apostas aqui chegou a me despertar raiva, o Arthur deixou claro por ""A"" mais ""B"" que, isso est√° gerando um enorme problema para o brasileiro, e via de regra o Brasil m√©dio, √© POBRE. A linha argumenta√ß√£o dela toda foi com base em duas coisas:1¬∞ Liberdade.  Arthur conseguiu aprofundar o t√≥pico  suficientemente para  entender o quanto a famigerada ""liberdade irrestrita"", n√£o existe em sociedade, uma vez que se ela (bianquinha), percebe a complexidade da subjetiva√ß√£o do que √© a liberdade em sociedade, ela parte para a segunda linha de defesa;2¬∞Impossibilidade. Basicamente quando a pr√≥pria s√≥ se baseou no seguinte "" A, mas tentaram tirar a Blake 40 vezes e n√£o conseguiram, a Internet √© complicada Arthur"", quanto a esse argumento nem preciso dizer muito, se o Brasil hoje √© um dos maiores em homic√≠dios e come√ßa a criar medidas p√∫blicas para resolver esse problema social, mesmo que chegue quase a zero, sempre haver√° algum homic√≠dio, ent√£o, pela mesma l√≥gica, se n√£o h√° como impedir um problema em absoluto, para que tentar n√©. Resumindo, realmente me revolta divulgadores defendendo essas merdas que para o BRASILEIRO, √© absolutamente danoso.Obs: Nem mencionei o momento em que ela tentou defender casa de aposta com o racioc√≠nio de que √°lcool tamb√©m √© danoso e √© legalizado, o pr√≥prio Arthur disse ""Dois erros n√£o fazem um acerto""PS: te adoro bianquinha.",0,1
comentario_2780441,S√≥ tem apar√™nciaNem toda gp faz isso,1,0
comentario_2062341,50 mil √© pouco. Falta ainda o boicote a esse tipinho de empresa!,0,1
comentario_1625491,"Pode acontecer isso ai sim, com muitas mais possibilidades se o convidado n√£o fazer tudo o que ela quer ou n√£o fazer feliz a dama porque o tamanho n√£o √© G -GG .",0,0
comentario_611711,"Muitos podem alegar que isso √© culpa dos pr√≥prios redpills pelas coisas que falam MAS, mesmo que eles n√£o dissessem NADA, ainda assim taxariam os homens de mis√≥ginos, pois at√© nossa respira√ß√£o √© vista assim...",1,1
comentario_540555,esse cara um picareta prega mas nao faz o que prega,0,1
comentario_290464,EU SOU SOLTEIRA E N√ÉO TENHO FILHOS COMO DIZIA A MINHA TIA LUCENA  ANTES SO DO QUE MAL ACOMPANHADA  SOU MUITO GRATA ‚ù§ üëç,0,0
comentario_1213387,"Mas se √© um homem que fala essas coisas, √© massacrado... muitas vezes at√© pelos pr√≥prios homens.",0,0
comentario_1741673,@  caras que n√£o conseguem se comprometer em um relacionamento e depois ficam culpando a sociedade. Assim como as mulheres tamb√©m fazem. N√£o √© dif√≠cil pensar um pouco.,0,1
comentario_843715,"Foi o que eu fiz!! Aos 23 anos meu filho seguiu seu rumo!! Hoje, √© bem sucedido!! N√£o me arrependo de ter sido a m√£e do n√£o!! N√£o pode, n√£o vai, n√£o tem!! Valeu a pena!!",0,0
comentario_1473210,TEM MULHERES SAINDO COM 10 AO MESMO TEMPO CORRAM PARA AS COLINAS!,1,1
comentario_2797118,"Toda hist√≥ria tem dois lados, mas √© incr√≠vel como sempre √© o correto e o justo n√©‚Ä¶. Todo mundo √© errado, aproveitadores e entre diversos outras coisas‚Ä¶.",0,0
comentario_1188903,Cara que mulher insuportavel !!!!,0,1
comentario_770830,"a mesma conversinha de sempre""sertanejo faz apologia a bebida""MAS BEBER NAO √â CRIME PORRA, puta que pariu... √© dificil de entender, √© dificil demais",0,1
comentario_1768431,"Ficar sem sexo n√£o tem como √© da natureza dos homens, s√≥ n√£o precisar casar simples assim.",1,0
comentario_1818233,"""A cada 10 mulheres aqui no Brasil, 8 s√£o bonitas""Acho que ele errou, deve ser o contr√°rio.",1,0
comentario_3012399,"Ricardo esse v√≠deo n√£o √© real , esse rapaz faz parte do grupo 10ocupados, √© um canal no YouTube com humoristas baianos . Muito bom por sinal .",0,0
comentario_430437,Precisa ver se tem algum homem que te queira.,0,0
comentario_1141208,"Esse da√≠ √© capaz de se churrascar f√°cil , ainda mais a sociedade que n√£o tem d√≥ de homem nenhum, principalmente quando se exp√µe de uma forma t√£o ridicula assim, n√£o √© atoa que sertanojo faz tanto sucesso nesse pa√≠szinho mediocre, cheio de emocionados cornos romantizados.",0,1
comentario_2621755,O pessoal criticando ela sem ter a consci√™ncia de que a vida √©  dela e faz o qu√™  quer.,0,0
comentario_561255,"Aleluias, toda Honra e Gl√≥rias sejam dados ao Senhor Jesus Cristo ü§ó",0,0
comentario_2605773,E voc√™ v√° se vestir igual uma mulher de Respeito.,1,1
comentario_467086,Pelo menos ta investindo em ti Em estudo pagando INSS Tem v√°rias a√≠ que n√£o pensam nisso.Seu futuro est√° garantido bom fazer uma poupan√ßa tamb√©m,0,0
comentario_2735422,"O cara quando quer ser politicamente correto no relacionamento , s√≥ tem uma frase que pode resumir esse comportamento: Quer se lascar?? Se lasque...",0,1
comentario_2222288,"O CARA MARCOU O CASAMENTO SABENDO QUE ELA TEM 7 FILHOS E AGORA EST√Å PERGUNTANDO O QUE VAI FAZER? NAO √â HOMEM, √â UM SEM CAR√ÅTER, ESPERO QUE ELE N√ÉO CASE , ESSA MULHER NAO MERECE ESTE CALHORDA!",0,1
comentario_2264481,"‚Äã ,  terapeuta √© coisa de homem, o que todos precisam √© de Cristo em suas vidas, Deus √© o sentido da vida.",1,0
comentario_2832584,O Carioca s√≥ tava enxergando o lado dele... Ele n√£o conseguia enxergar que a mulher n√£o suportava ele...,0,1
comentario_1919939,Resumidamente a melhor defini√ß√£o - mas ela √© nova e aprende.,0,0
comentario_345810,Fez naiir esc√¢ndalo qdo Wanessa tocou no seu p√©..,0,0
comentario_1826521,Quando a minha fam√≠lia me pergunta porque me mantenho afastado de brasileiros no exterior‚Ä¶,0,1
comentario_1249401,"O ser humano √© pat√©tico,  na moral üòÖ,  a mis√©ria humana,  trepar, comer, cagar, morrer,  apodrecer e feder",0,1
comentario_1249923,"""Casem senhores, eu quero que vcs casem"". (Don Sandro)",0,0
comentario_1690409,Igreja n√£o √© lugar de putaria e namoro. Igreja √© um lugar de f√© e ora√ß√£o. Fiquem solteiros guerreiros,0,0
comentario_2455532,"Agora, vamos e convenhamos...o congresso √© majoritariamente masculino e coo esses absurdos passam e viram lei. As mulheres est√£o na luta, se juntam e conseguem absurdos. J√° os homens n√£o se organizam, aceitam tudo,  deixam tudo pra l√°...precisam se organizar na vida n√£o s√≥ em coment√°rios de internet. Todos os canais Red est√£o lotados, mas na vida off, nada. E as leis pra vida real v√£o passando...",1,0
comentario_2491074,O MUNDO HOJE EM DIA N√ÉO PENSA MAIS DO QUE EM CARNIFICINA.,0,0
